,datetime,Valor
0,2012-11-12 15:40:00,29.69651126970922
1,2012-11-12 15:40:00,29.69651126970922
2,2012-11-12 15:40:00,29.69651126970922
3,2012-11-12 15:40:00,29.69651126970922
4,2012-11-12 15:40:00,29.69651126970922
5,2012-11-12 15:40:00,29.69651126970922
6,2012-11-12 15:40:00,29.69651126970922
7,2012-11-12 15:40:00,29.69651126970922
8,2012-11-12 15:40:00,29.69651126970922
9,2012-11-12 15:40:00,29.69651126970922
10,2012-11-12 15:40:00,29.69651126970922
11,2012-11-12 15:40:00,29.69651126970922
12,2012-11-12 15:40:00,29.69651126970922
13,2012-11-12 15:40:00,29.69651126970922
14,2012-11-12 15:40:00,29.69651126970922
15,2012-11-12 15:40:00,29.69651126970922
16,2012-11-12 15:40:00,29.69651126970922
17,2012-11-12 15:40:00,29.69651126970922
18,2012-11-12 15:40:00,29.69651126970922
19,2012-11-12 15:40:00,29.69651126970922
20,2012-11-12 15:40:00,29.69651126970922
21,2012-11-12 15:40:00,29.69651126970922
22,2012-11-12 15:40:00,29.69651126970922
23,2012-11-12 15:40:00,29.69651126970922
24,2012-11-12 15:40:00,29.69651126970922
25,2012-11-12 15:40:00,29.69651126970922
26,2012-11-12 15:40:00,29.69651126970922
27,2012-11-12 15:40:00,29.69651126970922
28,2012-11-12 15:40:00,29.69651126970922
29,2012-11-12 15:40:00,29.69651126970922
30,2012-11-12 15:40:00,29.69651126970922
31,2012-11-12 15:40:00,29.69651126970922
32,2012-11-12 15:40:00,29.69651126970922
33,2012-11-12 15:40:00,29.69651126970922
34,2012-11-12 15:40:00,29.69651126970922
35,2012-11-12 15:40:00,29.69651126970922
36,2012-11-12 15:40:00,29.69651126970922
37,2012-11-12 15:40:00,29.69651126970922
38,2012-11-12 15:40:00,29.69651126970922
39,2012-11-12 15:40:00,29.69651126970922
40,2012-11-12 15:40:00,29.69651126970922
41,2012-11-12 15:40:00,29.69651126970922
42,2012-11-12 15:40:00,29.69651126970922
43,2012-11-12 15:40:00,29.69651126970922
44,2012-11-12 15:40:00,29.69651126970922
45,2013-01-21 12:49:00,0.24132633164027617
46,2013-01-21 12:49:00,0.24132633164027617
47,2013-01-21 12:49:00,0.24132633164027617
48,2013-01-21 12:49:00,0.24132633164027617
49,2013-01-21 12:49:00,0.24132633164027617
50,2013-01-21 12:49:00,0.24132633164027617
51,2013-01-21 12:49:00,0.24132633164027617
52,2013-01-21 12:49:00,0.24132633164027617
53,2013-01-21 12:49:00,0.24132633164027617
54,2013-01-21 12:49:00,0.24132633164027617
55,2013-01-21 12:49:00,0.24132633164027617
56,2013-01-21 12:49:00,0.24132633164027617
57,2013-01-21 12:49:00,0.24132633164027617
58,2013-01-21 12:49:00,0.24132633164027617
59,2013-01-21 12:49:00,0.24132633164027617
60,2013-01-21 12:49:00,0.24132633164027617
61,2013-01-21 12:49:00,0.24132633164027617
62,2013-01-21 12:49:00,0.24132633164027617
63,2013-01-21 12:49:00,0.24132633164027617
64,2013-01-21 12:49:00,0.24132633164027617
65,2013-01-21 12:49:00,0.24132633164027617
66,2013-01-21 12:49:00,0.24132633164027617
67,2013-01-21 12:49:00,0.24132633164027617
68,2013-01-21 12:49:00,0.24132633164027617
69,2013-01-21 12:49:00,0.24132633164027617
70,2013-01-21 12:49:00,0.24132633164027617
71,2013-01-21 12:49:00,0.24132633164027617
72,2013-01-21 12:49:00,0.24132633164027617
73,2013-01-21 12:49:00,0.24132633164027617
74,2013-01-21 12:49:00,0.24132633164027617
75,2013-01-21 12:49:00,0.24132633164027617
76,2013-01-21 12:49:00,0.24132633164027617
77,2013-01-21 12:49:00,0.24132633164027617
78,2013-01-21 12:49:00,0.24132633164027617
79,2013-01-21 12:49:00,0.24132633164027617
80,2013-01-21 12:49:00,0.24132633164027617
81,2013-01-21 12:49:00,0.24132633164027617
82,2013-01-21 12:49:00,0.24132633164027617
83,2013-01-21 12:49:00,0.24132633164027617
84,2013-01-21 12:49:00,0.24132633164027617
85,2013-01-21 12:49:00,0.24132633164027617
86,2013-01-21 12:49:00,0.24132633164027617
87,2013-01-21 12:49:00,0.24132633164027617
88,2013-01-21 12:49:00,0.24132633164027617
89,2013-01-21 12:49:00,0.24132633164027617
90,2013-01-21 12:49:00,0.24132633164027617
91,2013-03-18 12:45:00,106.49511306025465
92,2013-03-18 12:45:00,106.49511306025465
93,2013-03-18 12:45:00,106.49511306025465
94,2013-03-18 12:45:00,106.49511306025465
95,2013-03-18 12:45:00,106.49511306025465
96,2013-03-18 12:45:00,106.49511306025465
97,2013-03-18 12:45:00,106.49511306025465
98,2013-03-18 12:45:00,106.49511306025465
99,2013-03-18 12:45:00,106.49511306025465
100,2013-03-18 12:45:00,106.49511306025465
101,2013-03-18 12:45:00,106.49511306025465
102,2013-03-18 12:45:00,106.49511306025465
103,2013-03-18 12:45:00,106.49511306025465
104,2013-03-18 12:45:00,106.49511306025465
105,2013-03-18 12:45:00,106.49511306025465
106,2013-03-18 12:45:00,106.49511306025465
107,2013-03-18 12:45:00,106.49511306025465
108,2013-03-18 12:45:00,106.49511306025465
109,2013-03-18 12:45:00,106.49511306025465
110,2013-03-18 12:45:00,106.49511306025465
111,2013-03-18 12:45:00,106.49511306025465
112,2013-03-18 12:45:00,106.49511306025465
113,2013-03-18 12:45:00,106.49511306025465
114,2013-03-18 12:45:00,106.49511306025465
115,2013-03-18 12:45:00,106.49511306025465
116,2013-03-18 12:45:00,106.49511306025465
117,2013-03-18 12:45:00,106.49511306025465
118,2013-03-18 12:45:00,106.49511306025465
119,2013-03-18 12:45:00,106.49511306025465
120,2013-03-18 12:45:00,106.49511306025465
121,2013-03-18 12:45:00,106.49511306025465
122,2013-03-18 12:45:00,106.49511306025465
123,2013-03-18 12:45:00,106.49511306025465
124,2013-03-18 12:45:00,106.49511306025465
125,2013-03-18 12:45:00,106.49511306025465
126,2013-03-18 12:45:00,106.49511306025465
127,2013-03-18 12:45:00,106.49511306025465
128,2013-03-18 12:45:00,106.49511306025465
129,2013-03-18 12:45:00,106.49511306025465
130,2013-03-18 12:45:00,106.49511306025465
131,2013-05-06 14:40:00,61.827622862398336
132,2013-05-06 14:40:00,61.827622862398336
133,2013-05-06 14:40:00,61.827622862398336
134,2013-05-06 14:40:00,61.827622862398336
135,2013-05-06 14:40:00,61.827622862398336
136,2013-05-06 14:40:00,61.827622862398336
137,2013-05-06 14:40:00,61.827622862398336
138,2013-05-06 14:40:00,61.827622862398336
139,2013-05-06 14:40:00,61.827622862398336
140,2013-05-06 14:40:00,61.827622862398336
141,2013-05-06 14:40:00,61.827622862398336
142,2013-05-06 14:40:00,61.827622862398336
143,2013-05-06 14:40:00,61.827622862398336
144,2013-05-06 14:40:00,61.827622862398336
145,2013-05-06 14:40:00,61.827622862398336
146,2013-05-06 14:40:00,61.827622862398336
147,2013-05-06 14:40:00,61.827622862398336
148,2013-05-06 14:40:00,61.827622862398336
149,2013-05-06 14:40:00,61.827622862398336
150,2013-05-06 14:40:00,61.827622862398336
151,2013-05-06 14:40:00,61.827622862398336
152,2013-05-06 14:40:00,61.827622862398336
153,2013-05-06 14:40:00,61.827622862398336
154,2013-05-06 14:40:00,61.827622862398336
155,2013-05-06 14:40:00,61.827622862398336
156,2013-05-06 14:40:00,61.827622862398336
157,2013-05-06 14:40:00,61.827622862398336
158,2013-05-06 14:40:00,61.827622862398336
159,2013-05-06 14:40:00,61.827622862398336
160,2013-05-06 14:40:00,61.827622862398336
161,2013-05-06 14:40:00,61.827622862398336
162,2013-05-06 14:40:00,61.827622862398336
163,2013-05-06 14:40:00,61.827622862398336
164,2013-05-06 14:40:00,61.827622862398336
165,2013-05-06 14:40:00,61.827622862398336
166,2013-05-06 14:40:00,61.827622862398336
167,2013-05-06 14:40:00,61.827622862398336
168,2013-05-06 14:40:00,61.827622862398336
169,2013-05-06 14:40:00,61.827622862398336
170,2013-05-06 14:40:00,61.827622862398336
171,2013-05-06 14:40:00,61.827622862398336
172,2013-05-06 14:40:00,61.827622862398336
173,2013-05-06 14:40:00,61.827622862398336
174,2013-05-06 14:40:00,61.827622862398336
175,2013-05-06 14:40:00,61.827622862398336
176,2013-05-06 14:40:00,61.827622862398336
177,2013-07-15 09:52:00,11.610900505545526
178,2013-07-15 09:52:00,11.610900505545526
179,2013-07-15 09:52:00,11.610900505545526
180,2013-07-15 09:52:00,11.610900505545526
181,2013-07-15 09:52:00,11.610900505545526
182,2013-07-15 09:52:00,11.610900505545526
183,2013-07-15 09:52:00,11.610900505545526
184,2013-07-15 09:52:00,11.610900505545526
185,2013-07-15 09:52:00,11.610900505545526
186,2013-07-15 09:52:00,11.610900505545526
187,2013-07-15 09:52:00,11.610900505545526
188,2013-07-15 09:52:00,11.610900505545526
189,2013-07-15 09:52:00,11.610900505545526
190,2013-07-15 09:52:00,11.610900505545526
191,2013-07-15 09:52:00,11.610900505545526
192,2013-07-15 09:52:00,11.610900505545526
193,2013-07-15 09:52:00,11.610900505545526
194,2013-07-15 09:52:00,11.610900505545526
195,2013-07-15 09:52:00,11.610900505545526
196,2013-07-15 09:52:00,11.610900505545526
197,2013-07-15 09:52:00,11.610900505545526
198,2013-07-15 09:52:00,11.610900505545526
199,2013-07-15 09:52:00,11.610900505545526
200,2013-07-15 09:52:00,11.610900505545526
201,2013-07-15 09:52:00,11.610900505545526
202,2013-07-15 09:52:00,11.610900505545526
203,2013-07-15 09:52:00,11.610900505545526
204,2013-07-15 09:52:00,11.610900505545526
205,2013-07-15 09:52:00,11.610900505545526
206,2013-07-15 09:52:00,11.610900505545526
207,2013-07-15 09:52:00,11.610900505545526
208,2013-07-15 09:52:00,11.610900505545526
209,2013-07-15 09:52:00,11.610900505545526
210,2013-07-15 09:52:00,11.610900505545526
211,2013-07-15 09:52:00,11.610900505545526
212,2013-07-15 09:52:00,11.610900505545526
213,2013-07-15 09:52:00,11.610900505545526
214,2013-07-15 09:52:00,11.610900505545526
215,2013-07-15 09:52:00,11.610900505545526
216,2013-07-15 09:52:00,11.610900505545526
217,2013-07-15 09:52:00,11.610900505545526
218,2013-07-15 09:52:00,11.610900505545526
219,2013-07-15 09:52:00,11.610900505545526
220,2013-07-15 09:52:00,11.610900505545526
221,2013-07-15 09:52:00,11.610900505545526
222,2013-07-15 09:52:00,11.610900505545526
223,2013-09-09 13:00:00,53.97391961960202
224,2013-09-09 13:00:00,53.97391961960202
225,2013-09-09 13:00:00,53.97391961960202
226,2013-09-09 13:00:00,53.97391961960202
227,2013-09-09 13:00:00,53.97391961960202
228,2013-09-09 13:00:00,53.97391961960202
229,2013-09-09 13:00:00,53.97391961960202
230,2013-09-09 13:00:00,53.97391961960202
231,2013-09-09 13:00:00,53.97391961960202
232,2013-09-09 13:00:00,53.97391961960202
233,2013-09-09 13:00:00,53.97391961960202
234,2013-09-09 13:00:00,53.97391961960202
235,2013-09-09 13:00:00,53.97391961960202
236,2013-09-09 13:00:00,53.97391961960202
237,2013-09-09 13:00:00,53.97391961960202
238,2013-09-09 13:00:00,53.97391961960202
239,2013-09-09 13:00:00,53.97391961960202
240,2013-09-09 13:00:00,53.97391961960202
241,2013-09-09 13:00:00,53.97391961960202
242,2013-09-09 13:00:00,53.97391961960202
243,2013-09-09 13:00:00,53.97391961960202
244,2013-09-09 13:00:00,53.97391961960202
245,2013-09-09 13:00:00,53.97391961960202
246,2013-09-09 13:00:00,53.97391961960202
247,2013-09-09 13:00:00,53.97391961960202
248,2013-09-09 13:00:00,53.97391961960202
249,2013-09-09 13:00:00,53.97391961960202
250,2013-09-09 13:00:00,53.97391961960202
251,2013-09-09 13:00:00,53.97391961960202
252,2013-09-09 13:00:00,53.97391961960202
253,2013-09-09 13:00:00,53.97391961960202
254,2013-09-09 13:00:00,53.97391961960202
255,2013-09-09 13:00:00,53.97391961960202
256,2013-09-09 13:00:00,53.97391961960202
257,2013-09-09 13:00:00,53.97391961960202
258,2013-09-09 13:00:00,53.97391961960202
259,2013-09-09 13:00:00,53.97391961960202
260,2013-09-09 13:00:00,53.97391961960202
261,2013-09-09 13:00:00,53.97391961960202
262,2013-09-09 13:00:00,53.97391961960202
263,2013-11-25 16:10:00,18.849609949640396
264,2013-11-25 16:10:00,18.849609949640396
265,2013-11-25 16:10:00,18.849609949640396
266,2013-11-25 16:10:00,18.849609949640396
267,2013-11-25 16:10:00,18.849609949640396
268,2013-11-25 16:10:00,18.849609949640396
269,2013-11-25 16:10:00,18.849609949640396
270,2013-11-25 16:10:00,18.849609949640396
271,2013-11-25 16:10:00,18.849609949640396
272,2013-11-25 16:10:00,18.849609949640396
273,2013-11-25 16:10:00,18.849609949640396
274,2013-11-25 16:10:00,18.849609949640396
275,2013-11-25 16:10:00,18.849609949640396
276,2013-11-25 16:10:00,18.849609949640396
277,2013-11-25 16:10:00,18.849609949640396
278,2013-11-25 16:10:00,18.849609949640396
279,2013-11-25 16:10:00,18.849609949640396
280,2013-11-25 16:10:00,18.849609949640396
281,2013-11-25 16:10:00,18.849609949640396
282,2013-11-25 16:10:00,18.849609949640396
283,2013-11-25 16:10:00,18.849609949640396
284,2013-11-25 16:10:00,18.849609949640396
285,2013-11-25 16:10:00,18.849609949640396
286,2013-11-25 16:10:00,18.849609949640396
287,2013-11-25 16:10:00,18.849609949640396
288,2013-11-25 16:10:00,18.849609949640396
289,2013-11-25 16:10:00,18.849609949640396
290,2013-11-25 16:10:00,18.849609949640396
291,2013-11-25 16:10:00,18.849609949640396
292,2013-11-25 16:10:00,18.849609949640396
293,2013-11-25 16:10:00,18.849609949640396
294,2013-11-25 16:10:00,18.849609949640396
295,2013-11-25 16:10:00,18.849609949640396
296,2013-11-25 16:10:00,18.849609949640396
297,2013-11-25 16:10:00,18.849609949640396
298,2013-11-25 16:10:00,18.849609949640396
299,2013-11-25 16:10:00,18.849609949640396
300,2013-11-25 16:10:00,18.849609949640396
301,2013-11-25 16:10:00,18.849609949640396
302,2013-11-25 16:10:00,18.849609949640396
303,2013-11-25 16:10:00,18.849609949640396
304,2013-11-25 16:10:00,18.849609949640396
305,2013-11-25 16:10:00,18.849609949640396
306,2013-11-25 16:10:00,18.849609949640396
307,2013-11-25 16:10:00,18.849609949640396
308,2013-11-25 16:10:00,18.849609949640396
309,2014-01-30 10:04:00,45.872854347224596
310,2014-01-30 10:04:00,45.872854347224596
311,2014-01-30 10:04:00,45.872854347224596
312,2014-01-30 10:04:00,45.872854347224596
313,2014-01-30 10:04:00,45.872854347224596
314,2014-01-30 10:04:00,45.872854347224596
315,2014-01-30 10:04:00,45.872854347224596
316,2014-01-30 10:04:00,45.872854347224596
317,2014-01-30 10:04:00,45.872854347224596
318,2014-01-30 10:04:00,45.872854347224596
319,2014-01-30 10:04:00,45.872854347224596
320,2014-01-30 10:04:00,45.872854347224596
321,2014-01-30 10:04:00,45.872854347224596
322,2014-01-30 10:04:00,45.872854347224596
323,2014-01-30 10:04:00,45.872854347224596
324,2014-01-30 10:04:00,45.872854347224596
325,2014-01-30 10:04:00,45.872854347224596
326,2014-01-30 10:04:00,45.872854347224596
327,2014-01-30 10:04:00,45.872854347224596
328,2014-01-30 10:04:00,45.872854347224596
329,2014-01-30 10:04:00,45.872854347224596
330,2014-01-30 10:04:00,45.872854347224596
331,2014-01-30 10:04:00,45.872854347224596
332,2014-01-30 10:04:00,45.872854347224596
333,2014-01-30 10:04:00,45.872854347224596
334,2014-01-30 10:04:00,45.872854347224596
335,2014-01-30 10:04:00,45.872854347224596
336,2014-01-30 10:04:00,45.872854347224596
337,2014-01-30 10:04:00,45.872854347224596
338,2014-01-30 10:04:00,45.872854347224596
339,2014-01-30 10:04:00,45.872854347224596
340,2014-01-30 10:04:00,45.872854347224596
341,2014-01-30 10:04:00,45.872854347224596
342,2014-01-30 10:04:00,45.872854347224596
343,2014-01-30 10:04:00,45.872854347224596
344,2014-01-30 10:04:00,45.872854347224596
345,2014-01-30 10:04:00,45.872854347224596
346,2014-01-30 10:04:00,45.872854347224596
347,2014-01-30 10:04:00,45.872854347224596
348,2014-01-30 10:04:00,45.872854347224596
349,2014-01-30 10:04:00,45.872854347224596
350,2014-01-30 10:04:00,45.872854347224596
351,2014-01-30 10:04:00,45.872854347224596
352,2014-01-30 10:04:00,45.872854347224596
353,2014-01-30 10:04:00,45.872854347224596
354,2014-01-30 10:04:00,45.872854347224596
355,2014-03-17 10:08:00,25.526058041762397
356,2014-03-17 10:08:00,25.526058041762397
357,2014-03-17 10:08:00,25.526058041762397
358,2014-03-17 10:08:00,25.526058041762397
359,2014-03-17 10:08:00,25.526058041762397
360,2014-03-17 10:08:00,25.526058041762397
361,2014-03-17 10:08:00,25.526058041762397
362,2014-03-17 10:08:00,25.526058041762397
363,2014-03-17 10:08:00,25.526058041762397
364,2014-03-17 10:08:00,25.526058041762397
365,2014-03-17 10:08:00,25.526058041762397
366,2014-03-17 10:08:00,25.526058041762397
367,2014-03-17 10:08:00,25.526058041762397
368,2014-03-17 10:08:00,25.526058041762397
369,2014-03-17 10:08:00,25.526058041762397
370,2014-03-17 10:08:00,25.526058041762397
371,2014-03-17 10:08:00,25.526058041762397
372,2014-03-17 10:08:00,25.526058041762397
373,2014-03-17 10:08:00,25.526058041762397
374,2014-03-17 10:08:00,25.526058041762397
375,2014-03-17 10:08:00,25.526058041762397
376,2014-03-17 10:08:00,25.526058041762397
377,2014-03-17 10:08:00,25.526058041762397
378,2014-03-17 10:08:00,25.526058041762397
379,2014-03-17 10:08:00,25.526058041762397
380,2014-03-17 10:08:00,25.526058041762397
381,2014-03-17 10:08:00,25.526058041762397
382,2014-03-17 10:08:00,25.526058041762397
383,2014-03-17 10:08:00,25.526058041762397
384,2014-03-17 10:08:00,25.526058041762397
385,2014-03-17 10:08:00,25.526058041762397
386,2014-03-17 10:08:00,25.526058041762397
387,2014-03-17 10:08:00,25.526058041762397
388,2014-03-17 10:08:00,25.526058041762397
389,2014-03-17 10:08:00,25.526058041762397
390,2014-03-17 10:08:00,25.526058041762397
391,2014-03-17 10:08:00,25.526058041762397
392,2014-03-17 10:08:00,25.526058041762397
393,2014-03-17 10:08:00,25.526058041762397
394,2014-03-17 10:08:00,25.526058041762397
395,2014-05-28 10:14:00,31.54087454648631
396,2014-05-28 10:14:00,31.54087454648631
397,2014-05-28 10:14:00,31.54087454648631
398,2014-05-28 10:14:00,31.54087454648631
399,2014-05-28 10:14:00,31.54087454648631
400,2014-05-28 10:14:00,31.54087454648631
401,2014-05-28 10:14:00,31.54087454648631
402,2014-05-28 10:14:00,31.54087454648631
403,2014-05-28 10:14:00,31.54087454648631
404,2014-05-28 10:14:00,31.54087454648631
405,2014-05-28 10:14:00,31.54087454648631
406,2014-05-28 10:14:00,31.54087454648631
407,2014-05-28 10:14:00,31.54087454648631
408,2014-05-28 10:14:00,31.54087454648631
409,2014-05-28 10:14:00,31.54087454648631
410,2014-05-28 10:14:00,31.54087454648631
411,2014-05-28 10:14:00,31.54087454648631
412,2014-05-28 10:14:00,31.54087454648631
413,2014-05-28 10:14:00,31.54087454648631
414,2014-05-28 10:14:00,31.54087454648631
415,2014-05-28 10:14:00,31.54087454648631
416,2014-05-28 10:14:00,31.54087454648631
417,2014-05-28 10:14:00,31.54087454648631
418,2014-05-28 10:14:00,31.54087454648631
419,2014-05-28 10:14:00,31.54087454648631
420,2014-05-28 10:14:00,31.54087454648631
421,2014-05-28 10:14:00,31.54087454648631
422,2014-05-28 10:14:00,31.54087454648631
423,2014-05-28 10:14:00,31.54087454648631
424,2014-05-28 10:14:00,31.54087454648631
425,2014-05-28 10:14:00,31.54087454648631
426,2014-05-28 10:14:00,31.54087454648631
427,2014-05-28 10:14:00,31.54087454648631
428,2014-05-28 10:14:00,31.54087454648631
429,2014-05-28 10:14:00,31.54087454648631
430,2014-05-28 10:14:00,31.54087454648631
431,2014-05-28 10:14:00,31.54087454648631
432,2014-05-28 10:14:00,31.54087454648631
433,2014-05-28 10:14:00,31.54087454648631
434,2014-05-28 10:14:00,31.54087454648631
435,2014-05-28 10:14:00,31.54087454648631
436,2014-05-28 10:14:00,31.54087454648631
437,2014-05-28 10:14:00,31.54087454648631
438,2014-05-28 10:14:00,31.54087454648631
439,2014-05-28 10:14:00,31.54087454648631
440,2014-05-28 10:14:00,31.54087454648631
441,2014-07-02 15:10:00,88.27587866997698
442,2014-07-02 15:10:00,88.27587866997698
443,2014-07-02 15:10:00,88.27587866997698
444,2014-07-02 15:10:00,88.27587866997698
445,2014-07-02 15:10:00,88.27587866997698
446,2014-07-02 15:10:00,88.27587866997698
447,2014-07-02 15:10:00,88.27587866997698
448,2014-07-02 15:10:00,88.27587866997698
449,2014-07-02 15:10:00,88.27587866997698
450,2014-07-02 15:10:00,88.27587866997698
451,2014-07-02 15:10:00,88.27587866997698
452,2014-07-02 15:10:00,88.27587866997698
453,2014-07-02 15:10:00,88.27587866997698
454,2014-07-02 15:10:00,88.27587866997698
455,2014-07-02 15:10:00,88.27587866997698
456,2014-07-02 15:10:00,88.27587866997698
457,2014-07-02 15:10:00,88.27587866997698
458,2014-07-02 15:10:00,88.27587866997698
459,2014-07-02 15:10:00,88.27587866997698
460,2014-07-02 15:10:00,88.27587866997698
461,2014-07-02 15:10:00,88.27587866997698
462,2014-07-02 15:10:00,88.27587866997698
463,2014-07-02 15:10:00,88.27587866997698
464,2014-07-02 15:10:00,88.27587866997698
465,2014-07-02 15:10:00,88.27587866997698
466,2014-07-02 15:10:00,88.27587866997698
467,2014-07-02 15:10:00,88.27587866997698
468,2014-07-02 15:10:00,88.27587866997698
469,2014-07-02 15:10:00,88.27587866997698
470,2014-07-02 15:10:00,88.27587866997698
471,2014-07-02 15:10:00,88.27587866997698
472,2014-07-02 15:10:00,88.27587866997698
473,2014-07-02 15:10:00,88.27587866997698
474,2014-07-02 15:10:00,88.27587866997698
475,2014-07-02 15:10:00,88.27587866997698
476,2014-07-02 15:10:00,88.27587866997698
477,2014-07-02 15:10:00,88.27587866997698
478,2014-07-02 15:10:00,88.27587866997698
479,2014-07-02 15:10:00,88.27587866997698
480,2014-07-02 15:10:00,88.27587866997698
481,2014-07-02 15:10:00,88.27587866997698
482,2014-07-02 15:10:00,88.27587866997698
483,2014-07-02 15:10:00,88.27587866997698
484,2014-07-02 15:10:00,88.27587866997698
485,2014-07-02 15:10:00,88.27587866997698
486,2014-07-02 15:10:00,88.27587866997698
487,2014-09-18 10:20:00,69.25618897704142
488,2014-09-18 10:20:00,69.25618897704142
489,2014-09-18 10:20:00,69.25618897704142
490,2014-09-18 10:20:00,69.25618897704142
491,2014-09-18 10:20:00,69.25618897704142
492,2014-09-18 10:20:00,69.25618897704142
493,2014-09-18 10:20:00,69.25618897704142
494,2014-09-18 10:20:00,69.25618897704142
495,2014-09-18 10:20:00,69.25618897704142
496,2014-09-18 10:20:00,69.25618897704142
497,2014-09-18 10:20:00,69.25618897704142
498,2014-09-18 10:20:00,69.25618897704142
499,2014-09-18 10:20:00,69.25618897704142
500,2014-09-18 10:20:00,69.25618897704142
501,2014-09-18 10:20:00,69.25618897704142
502,2014-09-18 10:20:00,69.25618897704142
503,2014-09-18 10:20:00,69.25618897704142
504,2014-09-18 10:20:00,69.25618897704142
505,2014-09-18 10:20:00,69.25618897704142
506,2014-09-18 10:20:00,69.25618897704142
507,2014-09-18 10:20:00,69.25618897704142
508,2014-09-18 10:20:00,69.25618897704142
509,2014-09-18 10:20:00,69.25618897704142
510,2014-09-18 10:20:00,69.25618897704142
511,2014-09-18 10:20:00,69.25618897704142
512,2014-09-18 10:20:00,69.25618897704142
513,2014-09-18 10:20:00,69.25618897704142
514,2014-09-18 10:20:00,69.25618897704142
515,2014-09-18 10:20:00,69.25618897704142
516,2014-09-18 10:20:00,69.25618897704142
517,2014-09-18 10:20:00,69.25618897704142
518,2014-09-18 10:20:00,69.25618897704142
519,2014-09-18 10:20:00,69.25618897704142
520,2014-09-18 10:20:00,69.25618897704142
521,2014-09-18 10:20:00,69.25618897704142
522,2014-09-18 10:20:00,69.25618897704142
523,2014-09-18 10:20:00,69.25618897704142
524,2014-09-18 10:20:00,69.25618897704142
525,2014-09-18 10:20:00,69.25618897704142
526,2014-09-18 10:20:00,69.25618897704142
527,2014-11-17 10:03:00,43.09884469444653
528,2014-11-17 10:03:00,43.09884469444653
529,2014-11-17 10:03:00,43.09884469444653
530,2014-11-17 10:03:00,43.09884469444653
531,2014-11-17 10:03:00,43.09884469444653
532,2014-11-17 10:03:00,43.09884469444653
533,2014-11-17 10:03:00,43.09884469444653
534,2014-11-17 10:03:00,43.09884469444653
535,2014-11-17 10:03:00,43.09884469444653
536,2014-11-17 10:03:00,43.09884469444653
537,2014-11-17 10:03:00,43.09884469444653
538,2014-11-17 10:03:00,43.09884469444653
539,2014-11-17 10:03:00,43.09884469444653
540,2014-11-17 10:03:00,43.09884469444653
541,2014-11-17 10:03:00,43.09884469444653
542,2014-11-17 10:03:00,43.09884469444653
543,2014-11-17 10:03:00,43.09884469444653
544,2014-11-17 10:03:00,43.09884469444653
545,2014-11-17 10:03:00,43.09884469444653
546,2014-11-17 10:03:00,43.09884469444653
547,2014-11-17 10:03:00,43.09884469444653
548,2014-11-17 10:03:00,43.09884469444653
549,2014-11-17 10:03:00,43.09884469444653
550,2014-11-17 10:03:00,43.09884469444653
551,2014-11-17 10:03:00,43.09884469444653
552,2014-11-17 10:03:00,43.09884469444653
553,2014-11-17 10:03:00,43.09884469444653
554,2014-11-17 10:03:00,43.09884469444653
555,2014-11-17 10:03:00,43.09884469444653
556,2014-11-17 10:03:00,43.09884469444653
557,2014-11-17 10:03:00,43.09884469444653
558,2014-11-17 10:03:00,43.09884469444653
559,2014-11-17 10:03:00,43.09884469444653
560,2014-11-17 10:03:00,43.09884469444653
561,2014-11-17 10:03:00,43.09884469444653
562,2014-11-17 10:03:00,43.09884469444653
563,2014-11-17 10:03:00,43.09884469444653
564,2014-11-17 10:03:00,43.09884469444653
565,2014-11-17 10:03:00,43.09884469444653
566,2014-11-17 10:03:00,43.09884469444653
567,2014-11-17 10:03:00,43.09884469444653
568,2014-11-17 10:03:00,43.09884469444653
569,2014-11-17 10:03:00,43.09884469444653
570,2014-11-17 10:03:00,43.09884469444653
571,2014-11-17 10:03:00,43.09884469444653
572,2014-11-17 10:03:00,43.09884469444653
573,2015-01-29 09:45:00,48.671178669027285
574,2015-01-29 09:45:00,48.671178669027285
575,2015-01-29 09:45:00,48.671178669027285
576,2015-01-29 09:45:00,48.671178669027285
577,2015-01-29 09:45:00,48.671178669027285
578,2015-01-29 09:45:00,48.671178669027285
579,2015-01-29 09:45:00,48.671178669027285
580,2015-01-29 09:45:00,48.671178669027285
581,2015-01-29 09:45:00,48.671178669027285
582,2015-01-29 09:45:00,48.671178669027285
583,2015-01-29 09:45:00,48.671178669027285
584,2015-01-29 09:45:00,48.671178669027285
585,2015-01-29 09:45:00,48.671178669027285
586,2015-01-29 09:45:00,48.671178669027285
587,2015-01-29 09:45:00,48.671178669027285
588,2015-01-29 09:45:00,48.671178669027285
589,2015-01-29 09:45:00,48.671178669027285
590,2015-01-29 09:45:00,48.671178669027285
591,2015-01-29 09:45:00,48.671178669027285
592,2015-01-29 09:45:00,48.671178669027285
593,2015-01-29 09:45:00,48.671178669027285
594,2015-01-29 09:45:00,48.671178669027285
595,2015-01-29 09:45:00,48.671178669027285
596,2015-01-29 09:45:00,48.671178669027285
597,2015-01-29 09:45:00,48.671178669027285
598,2015-01-29 09:45:00,48.671178669027285
599,2015-01-29 09:45:00,48.671178669027285
600,2015-01-29 09:45:00,48.671178669027285
601,2015-01-29 09:45:00,48.671178669027285
602,2015-01-29 09:45:00,48.671178669027285
603,2015-01-29 09:45:00,48.671178669027285
604,2015-01-29 09:45:00,48.671178669027285
605,2015-01-29 09:45:00,48.671178669027285
606,2015-01-29 09:45:00,48.671178669027285
607,2015-01-29 09:45:00,48.671178669027285
608,2015-01-29 09:45:00,48.671178669027285
609,2015-01-29 09:45:00,48.671178669027285
610,2015-01-29 09:45:00,48.671178669027285
611,2015-01-29 09:45:00,48.671178669027285
612,2015-01-29 09:45:00,48.671178669027285
613,2015-01-29 09:45:00,48.671178669027285
614,2015-01-29 09:45:00,48.671178669027285
615,2015-01-29 09:45:00,48.671178669027285
616,2015-01-29 09:45:00,48.671178669027285
617,2015-01-29 09:45:00,48.671178669027285
618,2015-01-29 09:45:00,48.671178669027285
619,2015-03-31 11:00:00,23.447033432951564
620,2015-03-31 11:00:00,23.447033432951564
621,2015-03-31 11:00:00,23.447033432951564
622,2015-03-31 11:00:00,23.447033432951564
623,2015-03-31 11:00:00,23.447033432951564
624,2015-03-31 11:00:00,23.447033432951564
625,2015-03-31 11:00:00,23.447033432951564
626,2015-03-31 11:00:00,23.447033432951564
627,2015-03-31 11:00:00,23.447033432951564
628,2015-03-31 11:00:00,23.447033432951564
629,2015-03-31 11:00:00,23.447033432951564
630,2015-03-31 11:00:00,23.447033432951564
631,2015-03-31 11:00:00,23.447033432951564
632,2015-03-31 11:00:00,23.447033432951564
633,2015-03-31 11:00:00,23.447033432951564
634,2015-03-31 11:00:00,23.447033432951564
635,2015-03-31 11:00:00,23.447033432951564
636,2015-03-31 11:00:00,23.447033432951564
637,2015-03-31 11:00:00,23.447033432951564
638,2015-03-31 11:00:00,23.447033432951564
639,2015-03-31 11:00:00,23.447033432951564
640,2015-03-31 11:00:00,23.447033432951564
641,2015-03-31 11:00:00,23.447033432951564
642,2015-03-31 11:00:00,23.447033432951564
643,2015-03-31 11:00:00,23.447033432951564
644,2015-03-31 11:00:00,23.447033432951564
645,2015-03-31 11:00:00,23.447033432951564
646,2015-03-31 11:00:00,23.447033432951564
647,2015-03-31 11:00:00,23.447033432951564
648,2015-03-31 11:00:00,23.447033432951564
649,2015-03-31 11:00:00,23.447033432951564
650,2015-03-31 11:00:00,23.447033432951564
651,2015-03-31 11:00:00,23.447033432951564
652,2015-03-31 11:00:00,23.447033432951564
653,2015-03-31 11:00:00,23.447033432951564
654,2015-03-31 11:00:00,23.447033432951564
655,2015-03-31 11:00:00,23.447033432951564
656,2015-03-31 11:00:00,23.447033432951564
657,2015-03-31 11:00:00,23.447033432951564
658,2015-03-31 11:00:00,23.447033432951564
659,2015-05-05 13:00:00,2.062758345961257
660,2015-05-05 13:00:00,2.062758345961257
661,2015-05-05 13:00:00,2.062758345961257
662,2015-05-05 13:00:00,2.062758345961257
663,2015-05-05 13:00:00,2.062758345961257
664,2015-05-05 13:00:00,2.062758345961257
665,2015-05-05 13:00:00,2.062758345961257
666,2015-05-05 13:00:00,2.062758345961257
667,2015-05-05 13:00:00,2.062758345961257
668,2015-05-05 13:00:00,2.062758345961257
669,2015-05-05 13:00:00,2.062758345961257
670,2015-05-05 13:00:00,2.062758345961257
671,2015-05-05 13:00:00,2.062758345961257
672,2015-05-05 13:00:00,2.062758345961257
673,2015-05-05 13:00:00,2.062758345961257
674,2015-05-05 13:00:00,2.062758345961257
675,2015-05-05 13:00:00,2.062758345961257
676,2015-05-05 13:00:00,2.062758345961257
677,2015-05-05 13:00:00,2.062758345961257
678,2015-05-05 13:00:00,2.062758345961257
679,2015-05-05 13:00:00,2.062758345961257
680,2015-05-05 13:00:00,2.062758345961257
681,2015-05-05 13:00:00,2.062758345961257
682,2015-05-05 13:00:00,2.062758345961257
683,2015-05-05 13:00:00,2.062758345961257
684,2015-05-05 13:00:00,2.062758345961257
685,2015-05-05 13:00:00,2.062758345961257
686,2015-05-05 13:00:00,2.062758345961257
687,2015-05-05 13:00:00,2.062758345961257
688,2015-05-05 13:00:00,2.062758345961257
689,2015-05-05 13:00:00,2.062758345961257
690,2015-05-05 13:00:00,2.062758345961257
691,2015-05-05 13:00:00,2.062758345961257
692,2015-05-05 13:00:00,2.062758345961257
693,2015-05-05 13:00:00,2.062758345961257
694,2015-05-05 13:00:00,2.062758345961257
695,2015-05-05 13:00:00,2.062758345961257
696,2015-05-05 13:00:00,2.062758345961257
697,2015-05-05 13:00:00,2.062758345961257
698,2015-05-05 13:00:00,2.062758345961257
699,2015-05-05 13:00:00,2.062758345961257
700,2015-05-05 13:00:00,2.062758345961257
701,2015-05-05 13:00:00,2.062758345961257
702,2015-05-05 13:00:00,2.062758345961257
703,2015-05-05 13:00:00,2.062758345961257
704,2015-05-05 13:00:00,2.062758345961257
705,2015-07-15 08:45:00,25.21894368523631
706,2015-07-15 08:45:00,25.21894368523631
707,2015-07-15 08:45:00,25.21894368523631
708,2015-07-15 08:45:00,25.21894368523631
709,2015-07-15 08:45:00,25.21894368523631
710,2015-07-15 08:45:00,25.21894368523631
711,2015-07-15 08:45:00,25.21894368523631
712,2015-07-15 08:45:00,25.21894368523631
713,2015-07-15 08:45:00,25.21894368523631
714,2015-07-15 08:45:00,25.21894368523631
715,2015-07-15 08:45:00,25.21894368523631
716,2015-07-15 08:45:00,25.21894368523631
717,2015-07-15 08:45:00,25.21894368523631
718,2015-07-15 08:45:00,25.21894368523631
719,2015-07-15 08:45:00,25.21894368523631
720,2015-07-15 08:45:00,25.21894368523631
721,2015-07-15 08:45:00,25.21894368523631
722,2015-07-15 08:45:00,25.21894368523631
723,2015-07-15 08:45:00,25.21894368523631
724,2015-07-15 08:45:00,25.21894368523631
725,2015-07-15 08:45:00,25.21894368523631
726,2015-07-15 08:45:00,25.21894368523631
727,2015-07-15 08:45:00,25.21894368523631
728,2015-07-15 08:45:00,25.21894368523631
729,2015-07-15 08:45:00,25.21894368523631
730,2015-07-15 08:45:00,25.21894368523631
731,2015-07-15 08:45:00,25.21894368523631
732,2015-07-15 08:45:00,25.21894368523631
733,2015-07-15 08:45:00,25.21894368523631
734,2015-07-15 08:45:00,25.21894368523631
735,2015-07-15 08:45:00,25.21894368523631
736,2015-07-15 08:45:00,25.21894368523631
737,2015-07-15 08:45:00,25.21894368523631
738,2015-07-15 08:45:00,25.21894368523631
739,2015-07-15 08:45:00,25.21894368523631
740,2015-07-15 08:45:00,25.21894368523631
741,2015-07-15 08:45:00,25.21894368523631
742,2015-07-15 08:45:00,25.21894368523631
743,2015-07-15 08:45:00,25.21894368523631
744,2015-07-15 08:45:00,25.21894368523631
745,2015-07-15 08:45:00,25.21894368523631
746,2015-07-15 08:45:00,25.21894368523631
747,2015-07-15 08:45:00,25.21894368523631
748,2015-07-15 08:45:00,25.21894368523631
749,2015-07-15 08:45:00,25.21894368523631
750,2015-07-15 08:45:00,25.21894368523631
751,2015-09-10 13:43:00,62.569950082764095
752,2015-09-10 13:43:00,62.569950082764095
753,2015-09-10 13:43:00,62.569950082764095
754,2015-09-10 13:43:00,62.569950082764095
755,2015-09-10 13:43:00,62.569950082764095
756,2015-09-10 13:43:00,62.569950082764095
757,2015-09-10 13:43:00,62.569950082764095
758,2015-09-10 13:43:00,62.569950082764095
759,2015-09-10 13:43:00,62.569950082764095
760,2015-09-10 13:43:00,62.569950082764095
761,2015-09-10 13:43:00,62.569950082764095
762,2015-09-10 13:43:00,62.569950082764095
763,2015-09-10 13:43:00,62.569950082764095
764,2015-09-10 13:43:00,62.569950082764095
765,2015-09-10 13:43:00,62.569950082764095
766,2015-09-10 13:43:00,62.569950082764095
767,2015-09-10 13:43:00,62.569950082764095
768,2015-09-10 13:43:00,62.569950082764095
769,2015-09-10 13:43:00,62.569950082764095
770,2015-09-10 13:43:00,62.569950082764095
771,2015-09-10 13:43:00,62.569950082764095
772,2015-09-10 13:43:00,62.569950082764095
773,2015-09-10 13:43:00,62.569950082764095
774,2015-09-10 13:43:00,62.569950082764095
775,2015-09-10 13:43:00,62.569950082764095
776,2015-09-10 13:43:00,62.569950082764095
777,2015-09-10 13:43:00,62.569950082764095
778,2015-09-10 13:43:00,62.569950082764095
779,2015-09-10 13:43:00,62.569950082764095
780,2015-09-10 13:43:00,62.569950082764095
781,2015-09-10 13:43:00,62.569950082764095
782,2015-09-10 13:43:00,62.569950082764095
783,2015-09-10 13:43:00,62.569950082764095
784,2015-09-10 13:43:00,62.569950082764095
785,2015-09-10 13:43:00,62.569950082764095
786,2015-09-10 13:43:00,62.569950082764095
787,2015-09-10 13:43:00,62.569950082764095
788,2015-09-10 13:43:00,62.569950082764095
789,2015-09-10 13:43:00,62.569950082764095
790,2015-09-10 13:43:00,62.569950082764095
791,2015-11-17 10:50:00,4.810373158565813
792,2015-11-17 10:50:00,4.810373158565813
793,2015-11-17 10:50:00,4.810373158565813
794,2015-11-17 10:50:00,4.810373158565813
795,2015-11-17 10:50:00,4.810373158565813
796,2015-11-17 10:50:00,4.810373158565813
797,2015-11-17 10:50:00,4.810373158565813
798,2015-11-17 10:50:00,4.810373158565813
799,2015-11-17 10:50:00,4.810373158565813
800,2015-11-17 10:50:00,4.810373158565813
801,2015-11-17 10:50:00,4.810373158565813
802,2015-11-17 10:50:00,4.810373158565813
803,2015-11-17 10:50:00,4.810373158565813
804,2015-11-17 10:50:00,4.810373158565813
805,2015-11-17 10:50:00,4.810373158565813
806,2015-11-17 10:50:00,4.810373158565813
807,2015-11-17 10:50:00,4.810373158565813
808,2015-11-17 10:50:00,4.810373158565813
809,2015-11-17 10:50:00,4.810373158565813
810,2015-11-17 10:50:00,4.810373158565813
811,2015-11-17 10:50:00,4.810373158565813
812,2015-11-17 10:50:00,4.810373158565813
813,2015-11-17 10:50:00,4.810373158565813
814,2015-11-17 10:50:00,4.810373158565813
815,2015-11-17 10:50:00,4.810373158565813
816,2015-11-17 10:50:00,4.810373158565813
817,2015-11-17 10:50:00,4.810373158565813
818,2015-11-17 10:50:00,4.810373158565813
819,2015-11-17 10:50:00,4.810373158565813
820,2015-11-17 10:50:00,4.810373158565813
821,2015-11-17 10:50:00,4.810373158565813
822,2015-11-17 10:50:00,4.810373158565813
823,2015-11-17 10:50:00,4.810373158565813
824,2015-11-17 10:50:00,4.810373158565813
825,2015-11-17 10:50:00,4.810373158565813
826,2015-11-17 10:50:00,4.810373158565813
827,2015-11-17 10:50:00,4.810373158565813
828,2015-11-17 10:50:00,4.810373158565813
829,2015-11-17 10:50:00,4.810373158565813
830,2015-11-17 10:50:00,4.810373158565813
831,2015-11-17 10:50:00,4.810373158565813
832,2015-11-17 10:50:00,4.810373158565813
833,2015-11-17 10:50:00,4.810373158565813
834,2015-11-17 10:50:00,4.810373158565813
835,2015-11-17 10:50:00,4.810373158565813
836,2015-11-17 10:50:00,4.810373158565813
837,2019-04-25 13:10:00,55.16561632238058
838,2019-04-25 13:10:00,55.16561632238058
839,2019-04-25 13:10:00,55.16561632238058
840,2019-04-25 13:10:00,55.16561632238058
841,2019-04-25 13:10:00,55.16561632238058
842,2019-04-25 13:10:00,55.16561632238058
843,2019-04-25 13:10:00,55.16561632238058
844,2019-04-25 13:10:00,55.16561632238058
845,2019-04-25 13:10:00,55.16561632238058
846,2019-04-25 13:10:00,55.16561632238058
847,2019-04-25 13:10:00,55.16561632238058
848,2019-04-25 13:10:00,55.16561632238058
849,2019-04-25 13:10:00,55.16561632238058
850,2019-04-25 13:10:00,55.16561632238058
851,2019-04-25 13:10:00,55.16561632238058
852,2019-04-25 13:10:00,55.16561632238058
853,2019-04-25 13:10:00,55.16561632238058
854,2019-04-25 13:10:00,55.16561632238058
855,2019-04-25 13:10:00,55.16561632238058
856,2019-04-25 13:10:00,55.16561632238058
857,2019-04-25 13:10:00,55.16561632238058
858,2019-04-25 13:10:00,55.16561632238058
859,2019-04-25 13:10:00,55.16561632238058
860,2019-05-16 08:25:00,36.02408377189502
861,2019-05-16 08:25:00,36.02408377189502
862,2019-05-16 08:25:00,36.02408377189502
863,2019-05-16 08:25:00,36.02408377189502
864,2019-05-16 08:25:00,36.02408377189502
865,2019-05-16 08:25:00,36.02408377189502
866,2019-05-16 08:25:00,36.02408377189502
867,2019-05-16 08:25:00,36.02408377189502
868,2019-05-16 08:25:00,36.02408377189502
869,2019-05-16 08:25:00,36.02408377189502
870,2019-05-16 08:25:00,36.02408377189502
871,2019-05-16 08:25:00,36.02408377189502
872,2019-05-16 08:25:00,36.02408377189502
873,2019-05-16 08:25:00,36.02408377189502
874,2019-05-16 08:25:00,36.02408377189502
875,2019-05-16 08:25:00,36.02408377189502
876,2019-05-16 08:25:00,36.02408377189502
877,2019-05-16 08:25:00,36.02408377189502
878,2019-05-16 08:25:00,36.02408377189502
879,2019-05-16 08:25:00,36.02408377189502
880,2019-05-16 08:25:00,36.02408377189502
881,2019-05-16 08:25:00,36.02408377189502
882,2019-05-16 08:25:00,36.02408377189502
883,2019-05-16 08:25:00,36.02408377189502
884,2019-05-16 08:25:00,36.02408377189502
885,2019-05-16 08:25:00,36.02408377189502
886,2019-05-16 08:25:00,36.02408377189502
887,2019-05-16 08:25:00,36.02408377189502
888,2019-05-16 08:25:00,36.02408377189502
889,2019-05-16 08:25:00,36.02408377189502
890,2019-05-16 08:25:00,36.02408377189502
891,2019-05-16 08:25:00,36.02408377189502
892,2019-05-16 08:25:00,36.02408377189502
893,2019-05-16 08:25:00,36.02408377189502
894,2019-05-16 08:25:00,36.02408377189502
895,2019-05-16 08:25:00,36.02408377189502
896,2019-05-16 08:25:00,36.02408377189502
897,2019-05-16 08:25:00,36.02408377189502
898,2019-05-16 08:25:00,36.02408377189502
899,2019-05-16 08:25:00,36.02408377189502
900,2019-05-16 08:25:00,36.02408377189502
901,2019-05-16 08:25:00,36.02408377189502
902,2019-05-16 08:25:00,36.02408377189502
903,2019-05-16 08:25:00,36.02408377189502
904,2019-05-16 08:25:00,36.02408377189502
905,2019-05-16 08:25:00,36.02408377189502
906,2019-05-16 08:25:00,36.02408377189502
907,2019-05-16 08:25:00,36.02408377189502
908,2019-05-16 08:25:00,36.02408377189502
909,2019-05-16 08:25:00,36.02408377189502
910,2019-05-16 08:25:00,36.02408377189502
911,2019-05-16 08:25:00,36.02408377189502
912,2019-05-16 08:25:00,36.02408377189502
913,2019-06-05 10:03:00,7.8487317475899365
914,2019-06-05 10:03:00,7.8487317475899365
915,2019-06-05 10:03:00,7.8487317475899365
916,2019-06-05 10:03:00,7.8487317475899365
917,2019-06-05 10:03:00,7.8487317475899365
918,2019-06-05 10:03:00,7.8487317475899365
919,2019-06-05 10:03:00,7.8487317475899365
920,2019-06-05 10:03:00,7.8487317475899365
921,2019-06-05 10:03:00,7.8487317475899365
922,2019-06-05 10:03:00,7.8487317475899365
923,2019-06-05 10:03:00,7.8487317475899365
924,2019-06-05 10:03:00,7.8487317475899365
925,2019-06-05 10:03:00,7.8487317475899365
926,2019-06-05 10:03:00,7.8487317475899365
927,2019-06-05 10:03:00,7.8487317475899365
928,2019-06-05 10:03:00,7.8487317475899365
929,2019-06-05 10:03:00,7.8487317475899365
930,2019-06-05 10:03:00,7.8487317475899365
931,2019-06-05 10:03:00,7.8487317475899365
932,2019-06-05 10:03:00,7.8487317475899365
933,2019-06-05 10:03:00,7.8487317475899365
934,2019-06-05 10:03:00,7.8487317475899365
935,2019-06-05 10:03:00,7.8487317475899365
936,2019-07-04 09:15:00,26.788208446463837
937,2019-07-04 09:15:00,26.788208446463837
938,2019-07-04 09:15:00,26.788208446463837
939,2019-07-04 09:15:00,26.788208446463837
940,2019-07-04 09:15:00,26.788208446463837
941,2019-07-04 09:15:00,26.788208446463837
942,2019-07-04 09:15:00,26.788208446463837
943,2019-07-04 09:15:00,26.788208446463837
944,2019-07-04 09:15:00,26.788208446463837
945,2019-07-04 09:15:00,26.788208446463837
946,2019-07-04 09:15:00,26.788208446463837
947,2019-07-04 09:15:00,26.788208446463837
948,2019-07-04 09:15:00,26.788208446463837
949,2019-07-04 09:15:00,26.788208446463837
950,2019-07-04 09:15:00,26.788208446463837
951,2019-07-04 09:15:00,26.788208446463837
952,2019-07-04 09:15:00,26.788208446463837
953,2019-07-04 09:15:00,26.788208446463837
954,2019-07-04 09:15:00,26.788208446463837
955,2019-07-04 09:15:00,26.788208446463837
956,2019-07-04 09:15:00,26.788208446463837
957,2019-07-04 09:15:00,26.788208446463837
958,2019-07-04 09:15:00,26.788208446463837
959,2019-07-04 09:15:00,26.788208446463837
960,2019-07-04 09:15:00,26.788208446463837
961,2019-07-04 09:15:00,26.788208446463837
962,2019-07-04 09:15:00,26.788208446463837
963,2019-07-04 09:15:00,26.788208446463837
964,2019-07-04 09:15:00,26.788208446463837
965,2019-07-04 09:15:00,26.788208446463837
966,2019-07-04 09:15:00,26.788208446463837
967,2019-07-04 09:15:00,26.788208446463837
968,2019-07-04 09:15:00,26.788208446463837
969,2019-07-04 09:15:00,26.788208446463837
970,2019-07-04 09:15:00,26.788208446463837
971,2019-07-04 09:15:00,26.788208446463837
972,2019-07-04 09:15:00,26.788208446463837
973,2019-07-04 09:15:00,26.788208446463837
974,2019-07-04 09:15:00,26.788208446463837
975,2019-07-04 09:15:00,26.788208446463837
976,2019-07-04 09:15:00,26.788208446463837
977,2019-07-04 09:15:00,26.788208446463837
978,2019-07-04 09:15:00,26.788208446463837
979,2019-07-04 09:15:00,26.788208446463837
980,2019-07-04 09:15:00,26.788208446463837
981,2019-07-04 09:15:00,26.788208446463837
982,2019-07-04 09:15:00,26.788208446463837
983,2019-07-04 09:15:00,26.788208446463837
984,2019-07-04 09:15:00,26.788208446463837
985,2019-07-04 09:15:00,26.788208446463837
986,2019-07-04 09:15:00,26.788208446463837
987,2019-07-04 09:15:00,26.788208446463837
988,2019-07-04 09:15:00,26.788208446463837
989,2019-08-01 09:46:00,41.73625034470881
990,2019-08-01 09:46:00,41.73625034470881
991,2019-08-01 09:46:00,41.73625034470881
992,2019-08-01 09:46:00,41.73625034470881
993,2019-08-01 09:46:00,41.73625034470881
994,2019-08-01 09:46:00,41.73625034470881
995,2019-08-01 09:46:00,41.73625034470881
996,2019-08-01 09:46:00,41.73625034470881
997,2019-08-01 09:46:00,41.73625034470881
998,2019-08-01 09:46:00,41.73625034470881
999,2019-08-01 09:46:00,41.73625034470881
1000,2019-08-01 09:46:00,41.73625034470881
1001,2019-08-01 09:46:00,41.73625034470881
1002,2019-08-01 09:46:00,41.73625034470881
1003,2019-08-01 09:46:00,41.73625034470881
1004,2019-08-01 09:46:00,41.73625034470881
1005,2019-08-01 09:46:00,41.73625034470881
1006,2019-08-01 09:46:00,41.73625034470881
1007,2019-08-01 09:46:00,41.73625034470881
1008,2019-08-01 09:46:00,41.73625034470881
1009,2019-08-01 09:46:00,41.73625034470881
1010,2019-08-01 09:46:00,41.73625034470881
1011,2019-08-01 09:46:00,41.73625034470881
1012,2019-09-03 09:01:00,5.076535106835585
1013,2019-09-03 09:01:00,5.076535106835585
1014,2019-09-03 09:01:00,5.076535106835585
1015,2019-09-03 09:01:00,5.076535106835585
1016,2019-09-03 09:01:00,5.076535106835585
1017,2019-09-03 09:01:00,5.076535106835585
1018,2019-09-03 09:01:00,5.076535106835585
1019,2019-09-03 09:01:00,5.076535106835585
1020,2019-09-03 09:01:00,5.076535106835585
1021,2019-09-03 09:01:00,5.076535106835585
1022,2019-09-03 09:01:00,5.076535106835585
1023,2019-09-03 09:01:00,5.076535106835585
1024,2019-09-03 09:01:00,5.076535106835585
1025,2019-09-03 09:01:00,5.076535106835585
1026,2019-09-03 09:01:00,5.076535106835585
1027,2019-09-03 09:01:00,5.076535106835585
1028,2019-09-03 09:01:00,5.076535106835585
1029,2019-09-03 09:01:00,5.076535106835585
1030,2019-09-03 09:01:00,5.076535106835585
1031,2019-09-03 09:01:00,5.076535106835585
1032,2019-09-03 09:01:00,5.076535106835585
1033,2019-09-03 09:01:00,5.076535106835585
1034,2019-09-03 09:01:00,5.076535106835585
1035,2019-09-03 09:01:00,5.076535106835585
1036,2019-09-03 09:01:00,5.076535106835585
1037,2019-09-03 09:01:00,5.076535106835585
1038,2019-09-03 09:01:00,5.076535106835585
1039,2019-09-03 09:01:00,5.076535106835585
1040,2019-09-03 09:01:00,5.076535106835585
1041,2019-09-03 09:01:00,5.076535106835585
1042,2019-09-03 09:01:00,5.076535106835585
1043,2019-09-03 09:01:00,5.076535106835585
1044,2019-09-03 09:01:00,5.076535106835585
1045,2019-09-03 09:01:00,5.076535106835585
1046,2019-09-03 09:01:00,5.076535106835585
1047,2019-09-03 09:01:00,5.076535106835585
1048,2019-09-03 09:01:00,5.076535106835585
1049,2019-09-03 09:01:00,5.076535106835585
1050,2019-09-03 09:01:00,5.076535106835585
1051,2019-09-03 09:01:00,5.076535106835585
1052,2019-09-03 09:01:00,5.076535106835585
1053,2019-09-03 09:01:00,5.076535106835585
1054,2019-09-03 09:01:00,5.076535106835585
1055,2019-09-03 09:01:00,5.076535106835585
1056,2019-09-03 09:01:00,5.076535106835585
1057,2019-09-03 09:01:00,5.076535106835585
1058,2019-09-03 09:01:00,5.076535106835585
1059,2019-09-03 09:01:00,5.076535106835585
1060,2019-10-10 10:09:00,6.348634153447608
1061,2019-10-10 10:09:00,6.348634153447608
1062,2019-10-10 10:09:00,6.348634153447608
1063,2019-10-10 10:09:00,6.348634153447608
1064,2019-10-10 10:09:00,6.348634153447608
1065,2019-10-10 10:09:00,6.348634153447608
1066,2019-10-10 10:09:00,6.348634153447608
1067,2019-10-10 10:09:00,6.348634153447608
1068,2019-10-10 10:09:00,6.348634153447608
1069,2019-10-10 10:09:00,6.348634153447608
1070,2019-10-10 10:09:00,6.348634153447608
1071,2019-10-10 10:09:00,6.348634153447608
1072,2019-10-10 10:09:00,6.348634153447608
1073,2019-10-10 10:09:00,6.348634153447608
1074,2019-10-10 10:09:00,6.348634153447608
1075,2019-10-10 10:09:00,6.348634153447608
1076,2019-10-10 10:09:00,6.348634153447608
1077,2019-10-10 10:09:00,6.348634153447608
1078,2019-10-10 10:09:00,6.348634153447608
1079,2019-10-10 10:09:00,6.348634153447608
1080,2019-10-10 10:09:00,6.348634153447608
1081,2019-10-10 10:09:00,6.348634153447608
1082,2019-10-10 10:09:00,6.348634153447608
1083,2019-11-05 10:10:00,36.41414941333326
1084,2019-11-05 10:10:00,36.41414941333326
1085,2019-11-05 10:10:00,36.41414941333326
1086,2019-11-05 10:10:00,36.41414941333326
1087,2019-11-05 10:10:00,36.41414941333326
1088,2019-11-05 10:10:00,36.41414941333326
1089,2019-11-05 10:10:00,36.41414941333326
1090,2019-11-05 10:10:00,36.41414941333326
1091,2019-11-05 10:10:00,36.41414941333326
1092,2019-11-05 10:10:00,36.41414941333326
1093,2019-11-05 10:10:00,36.41414941333326
1094,2019-11-05 10:10:00,36.41414941333326
1095,2019-11-05 10:10:00,36.41414941333326
1096,2019-11-05 10:10:00,36.41414941333326
1097,2019-11-05 10:10:00,36.41414941333326
1098,2019-11-05 10:10:00,36.41414941333326
1099,2019-11-05 10:10:00,36.41414941333326
1100,2019-11-05 10:10:00,36.41414941333326
1101,2019-11-05 10:10:00,36.41414941333326
1102,2019-11-05 10:10:00,36.41414941333326
1103,2019-11-05 10:10:00,36.41414941333326
1104,2019-11-05 10:10:00,36.41414941333326
1105,2019-11-05 10:10:00,36.41414941333326
1106,2019-11-05 10:10:00,36.41414941333326
1107,2019-11-05 10:10:00,36.41414941333326
1108,2019-11-05 10:10:00,36.41414941333326
1109,2019-11-05 10:10:00,36.41414941333326
1110,2019-11-05 10:10:00,36.41414941333326
1111,2019-11-05 10:10:00,36.41414941333326
1112,2019-11-05 10:10:00,36.41414941333326
1113,2019-11-05 10:10:00,36.41414941333326
1114,2019-11-05 10:10:00,36.41414941333326
1115,2019-11-05 10:10:00,36.41414941333326
1116,2019-11-05 10:10:00,36.41414941333326
1117,2019-11-05 10:10:00,36.41414941333326
1118,2019-11-05 10:10:00,36.41414941333326
1119,2019-11-05 10:10:00,36.41414941333326
1120,2019-11-05 10:10:00,36.41414941333326
1121,2019-11-05 10:10:00,36.41414941333326
1122,2019-11-05 10:10:00,36.41414941333326
1123,2019-11-05 10:10:00,36.41414941333326
1124,2019-11-05 10:10:00,36.41414941333326
1125,2019-11-05 10:10:00,36.41414941333326
1126,2019-11-05 10:10:00,36.41414941333326
1127,2019-11-05 10:10:00,36.41414941333326
1128,2019-11-05 10:10:00,36.41414941333326
1129,2019-11-05 10:10:00,36.41414941333326
1130,2019-11-05 10:10:00,36.41414941333326
1131,2019-11-05 10:10:00,36.41414941333326
1132,2019-11-05 10:10:00,36.41414941333326
1133,2019-11-05 10:10:00,36.41414941333326
1134,2019-11-05 10:10:00,36.41414941333326
1135,2019-11-05 10:10:00,36.41414941333326
1136,2019-11-05 10:10:00,36.41414941333326
1137,2019-12-05 09:20:00,22.997073213620776
1138,2019-12-05 09:20:00,22.997073213620776
1139,2019-12-05 09:20:00,22.997073213620776
1140,2019-12-05 09:20:00,22.997073213620776
1141,2019-12-05 09:20:00,22.997073213620776
1142,2019-12-05 09:20:00,22.997073213620776
1143,2019-12-05 09:20:00,22.997073213620776
1144,2019-12-05 09:20:00,22.997073213620776
1145,2019-12-05 09:20:00,22.997073213620776
1146,2019-12-05 09:20:00,22.997073213620776
1147,2019-12-05 09:20:00,22.997073213620776
1148,2019-12-05 09:20:00,22.997073213620776
1149,2019-12-05 09:20:00,22.997073213620776
1150,2019-12-05 09:20:00,22.997073213620776
1151,2019-12-05 09:20:00,22.997073213620776
1152,2019-12-05 09:20:00,22.997073213620776
1153,2019-12-05 09:20:00,22.997073213620776
1154,2019-12-05 09:20:00,22.997073213620776
1155,2019-12-05 09:20:00,22.997073213620776
1156,2019-12-05 09:20:00,22.997073213620776
1157,2019-12-05 09:20:00,22.997073213620776
1158,2019-12-05 09:20:00,22.997073213620776
1159,2019-12-05 09:20:00,22.997073213620776
1160,2019-12-05 09:20:00,22.997073213620776
1161,2020-01-08 09:03:00,1.4601507557313618
1162,2020-01-08 09:03:00,1.4601507557313618
1163,2020-01-08 09:03:00,1.4601507557313618
1164,2020-01-08 09:03:00,1.4601507557313618
1165,2020-01-08 09:03:00,1.4601507557313618
1166,2020-01-08 09:03:00,1.4601507557313618
1167,2020-01-08 09:03:00,1.4601507557313618
1168,2020-01-08 09:03:00,1.4601507557313618
1169,2020-01-08 09:03:00,1.4601507557313618
1170,2020-01-08 09:03:00,1.4601507557313618
1171,2020-01-08 09:03:00,1.4601507557313618
1172,2020-01-08 09:03:00,1.4601507557313618
1173,2020-01-08 09:03:00,1.4601507557313618
1174,2020-01-08 09:03:00,1.4601507557313618
1175,2020-01-08 09:03:00,1.4601507557313618
1176,2020-01-08 09:03:00,1.4601507557313618
1177,2020-01-08 09:03:00,1.4601507557313618
1178,2020-01-08 09:03:00,1.4601507557313618
1179,2020-01-08 09:03:00,1.4601507557313618
1180,2020-01-08 09:03:00,1.4601507557313618
1181,2020-01-08 09:03:00,1.4601507557313618
1182,2020-01-08 09:03:00,1.4601507557313618
1183,2020-01-08 09:03:00,1.4601507557313618
1184,2020-01-08 09:03:00,1.4601507557313618
1185,2020-01-08 09:03:00,1.4601507557313618
1186,2020-01-08 09:03:00,1.4601507557313618
1187,2020-01-08 09:03:00,1.4601507557313618
1188,2020-01-08 09:03:00,1.4601507557313618
1189,2020-01-08 09:03:00,1.4601507557313618
1190,2020-01-08 09:03:00,1.4601507557313618
1191,2020-01-08 09:03:00,1.4601507557313618
1192,2020-01-08 09:03:00,1.4601507557313618
1193,2020-01-08 09:03:00,1.4601507557313618
1194,2020-01-08 09:03:00,1.4601507557313618
1195,2020-01-08 09:03:00,1.4601507557313618
1196,2020-01-08 09:03:00,1.4601507557313618
1197,2020-01-08 09:03:00,1.4601507557313618
1198,2020-01-08 09:03:00,1.4601507557313618
1199,2020-01-08 09:03:00,1.4601507557313618
1200,2020-01-08 09:03:00,1.4601507557313618
1201,2020-01-08 09:03:00,1.4601507557313618
1202,2020-01-08 09:03:00,1.4601507557313618
1203,2020-01-08 09:03:00,1.4601507557313618
1204,2020-01-08 09:03:00,1.4601507557313618
1205,2020-01-08 09:03:00,1.4601507557313618
1206,2020-01-08 09:03:00,1.4601507557313618
1207,2020-01-08 09:03:00,1.4601507557313618
1208,2020-01-08 09:03:00,1.4601507557313618
1209,2020-01-08 09:03:00,1.4601507557313618
1210,2020-01-08 09:03:00,1.4601507557313618
1211,2020-01-08 09:03:00,1.4601507557313618
1212,2020-01-08 09:03:00,1.4601507557313618
1213,2020-01-08 09:03:00,1.4601507557313618
1214,2020-01-08 09:03:00,1.4601507557313618
1215,2020-01-08 09:03:00,1.4601507557313618
1216,2020-02-12 10:30:00,16.027950969923502
1217,2020-02-12 10:30:00,16.027950969923502
1218,2020-02-12 10:30:00,16.027950969923502
1219,2020-02-12 10:30:00,16.027950969923502
1220,2020-02-12 10:30:00,16.027950969923502
1221,2020-02-12 10:30:00,16.027950969923502
1222,2020-02-12 10:30:00,16.027950969923502
1223,2020-02-12 10:30:00,16.027950969923502
1224,2020-02-12 10:30:00,16.027950969923502
1225,2020-02-12 10:30:00,16.027950969923502
1226,2020-02-12 10:30:00,16.027950969923502
1227,2020-02-12 10:30:00,16.027950969923502
1228,2020-02-12 10:30:00,16.027950969923502
1229,2020-02-12 10:30:00,16.027950969923502
1230,2020-02-12 10:30:00,16.027950969923502
1231,2020-02-12 10:30:00,16.027950969923502
1232,2020-02-12 10:30:00,16.027950969923502
1233,2020-02-12 10:30:00,16.027950969923502
1234,2020-02-12 10:30:00,16.027950969923502
1235,2020-02-12 10:30:00,16.027950969923502
1236,2020-02-12 10:30:00,16.027950969923502
1237,2020-02-12 10:30:00,16.027950969923502
1238,2020-02-12 10:30:00,16.027950969923502
1239,2020-02-12 10:30:00,16.027950969923502
1240,2020-02-19 08:33:00,33.508285812105456
1241,2020-02-19 08:33:00,33.508285812105456
1242,2020-02-19 08:33:00,33.508285812105456
1243,2020-02-19 08:33:00,33.508285812105456
1244,2020-02-19 08:33:00,33.508285812105456
1245,2020-02-19 08:33:00,33.508285812105456
1246,2020-02-19 08:33:00,33.508285812105456
1247,2020-02-19 08:33:00,33.508285812105456
1248,2020-02-19 08:33:00,33.508285812105456
1249,2020-02-19 08:33:00,33.508285812105456
1250,2020-02-19 08:33:00,33.508285812105456
1251,2020-02-19 08:33:00,33.508285812105456
1252,2020-02-19 08:33:00,33.508285812105456
1253,2020-02-19 08:33:00,33.508285812105456
1254,2020-02-19 08:33:00,33.508285812105456
1255,2020-02-19 08:33:00,33.508285812105456
1256,2020-02-19 08:33:00,33.508285812105456
1257,2020-02-19 08:33:00,33.508285812105456
1258,2020-02-19 08:33:00,33.508285812105456
1259,2020-02-19 08:33:00,33.508285812105456
1260,2020-02-19 08:33:00,33.508285812105456
1261,2020-02-19 08:33:00,33.508285812105456
1262,2020-02-19 08:33:00,33.508285812105456
1263,2020-02-19 08:33:00,33.508285812105456
1264,2020-02-19 08:33:00,33.508285812105456
1265,2020-03-04 10:32:00,10.543493494373323
1266,2020-03-04 10:32:00,10.543493494373323
1267,2020-03-04 10:32:00,10.543493494373323
1268,2020-03-04 10:32:00,10.543493494373323
1269,2020-03-04 10:32:00,10.543493494373323
1270,2020-03-04 10:32:00,10.543493494373323
1271,2020-03-04 10:32:00,10.543493494373323
1272,2020-03-04 10:32:00,10.543493494373323
1273,2020-03-04 10:32:00,10.543493494373323
1274,2020-03-04 10:32:00,10.543493494373323
1275,2020-03-04 10:32:00,10.543493494373323
1276,2020-03-04 10:32:00,10.543493494373323
1277,2020-03-04 10:32:00,10.543493494373323
1278,2020-03-04 10:32:00,10.543493494373323
1279,2020-03-04 10:32:00,10.543493494373323
1280,2020-03-04 10:32:00,10.543493494373323
1281,2020-03-04 10:32:00,10.543493494373323
1282,2020-03-04 10:32:00,10.543493494373323
1283,2020-03-04 10:32:00,10.543493494373323
1284,2020-03-04 10:32:00,10.543493494373323
1285,2020-03-04 10:32:00,10.543493494373323
1286,2020-03-04 10:32:00,10.543493494373323
1287,2020-03-04 10:32:00,10.543493494373323
1288,2020-03-04 10:32:00,10.543493494373323
1289,2020-03-04 10:32:00,10.543493494373323
1290,2022-04-12 09:38:00,18.195643147323732
1291,2022-04-12 09:38:00,18.195643147323732
1292,2022-04-12 09:38:00,18.195643147323732
1293,2022-04-12 09:38:00,18.195643147323732
1294,2022-04-12 09:38:00,18.195643147323732
1295,2022-04-12 09:38:00,18.195643147323732
1296,2022-04-12 09:38:00,18.195643147323732
1297,2022-04-12 09:38:00,18.195643147323732
1298,2022-04-12 09:38:00,18.195643147323732
1299,2022-04-12 09:38:00,18.195643147323732
1300,2022-04-12 09:38:00,18.195643147323732
1301,2022-04-12 09:38:00,18.195643147323732
1302,2022-04-12 09:38:00,18.195643147323732
1303,2022-04-12 09:38:00,18.195643147323732
1304,2022-04-12 09:38:00,18.195643147323732
1305,2022-04-12 09:38:00,18.195643147323732
1306,2022-04-12 09:38:00,18.195643147323732
1307,2022-04-12 09:38:00,18.195643147323732
1308,2022-04-12 09:38:00,18.195643147323732
1309,2022-04-12 09:38:00,18.195643147323732
1310,2022-04-12 09:38:00,18.195643147323732
1311,2022-04-12 09:38:00,18.195643147323732
1312,2022-04-12 09:38:00,18.195643147323732
1313,2022-04-12 09:38:00,18.195643147323732
1314,2022-04-12 09:38:00,18.195643147323732
1315,2022-04-12 09:38:00,18.195643147323732
1316,2022-04-12 09:38:00,18.195643147323732
1317,2022-04-12 09:38:00,18.195643147323732
1318,2022-04-12 09:38:00,18.195643147323732
1319,2022-04-12 09:38:00,18.195643147323732
1320,2022-04-12 09:38:00,18.195643147323732
1321,2022-04-12 09:38:00,18.195643147323732
1322,2022-04-12 09:38:00,18.195643147323732
1323,2022-04-12 09:38:00,18.195643147323732
1324,2022-04-12 09:38:00,18.195643147323732
1325,2022-04-12 09:38:00,18.195643147323732
1326,2022-04-12 09:38:00,18.195643147323732
1327,2022-04-12 09:38:00,18.195643147323732
1328,2022-04-12 09:38:00,18.195643147323732
1329,2022-04-12 09:38:00,18.195643147323732
1330,2022-04-12 09:38:00,18.195643147323732
1331,2022-04-12 09:38:00,18.195643147323732
1332,2022-04-12 09:38:00,18.195643147323732
1333,2022-04-12 09:38:00,18.195643147323732
1334,2022-04-12 09:38:00,18.195643147323732
1335,2022-04-12 09:38:00,18.195643147323732
1336,2022-04-12 09:38:00,18.195643147323732
1337,2022-04-12 09:38:00,18.195643147323732
1338,2022-04-12 09:38:00,18.195643147323732
1339,2022-04-12 09:38:00,18.195643147323732
1340,2022-04-12 09:38:00,18.195643147323732
1341,2022-04-12 09:38:00,18.195643147323732
1342,2022-04-12 09:38:00,18.195643147323732
1343,2022-04-12 09:38:00,18.195643147323732
1344,2022-04-12 09:38:00,18.195643147323732
1345,2022-04-12 09:38:00,18.195643147323732
1346,2022-04-12 09:38:00,18.195643147323732
1347,2022-04-12 09:38:00,18.195643147323732
1348,2022-04-12 09:38:00,18.195643147323732
1349,2022-04-12 09:38:00,18.195643147323732
1350,2022-04-12 09:38:00,18.195643147323732
1351,2022-04-12 09:38:00,18.195643147323732
1352,2022-04-12 09:38:00,18.195643147323732
1353,2022-04-12 09:38:00,18.195643147323732
1354,2022-04-12 09:38:00,18.195643147323732
1355,2022-04-12 09:38:00,18.195643147323732
1356,2022-04-12 09:38:00,18.195643147323732
1357,2022-04-12 09:38:00,18.195643147323732
1358,2022-04-12 09:38:00,18.195643147323732
1359,2022-04-12 09:38:00,18.195643147323732
1360,2022-04-12 09:38:00,18.195643147323732
1361,2022-04-12 09:38:00,18.195643147323732
1362,2022-04-12 09:38:00,18.195643147323732
1363,2022-04-12 09:38:00,18.195643147323732
1364,2022-04-12 09:38:00,18.195643147323732
1365,2022-04-12 09:38:00,18.195643147323732
1366,2022-04-12 09:38:00,18.195643147323732
1367,2022-04-12 09:38:00,18.195643147323732
1368,2022-04-12 09:38:00,18.195643147323732
1369,2022-04-12 09:38:00,18.195643147323732
1370,2022-04-12 09:38:00,18.195643147323732
1371,2022-04-12 09:38:00,18.195643147323732
1372,2022-04-12 09:38:00,18.195643147323732
1373,2022-04-12 09:38:00,18.195643147323732
1374,2022-04-12 09:38:00,18.195643147323732
1375,2022-04-12 09:38:00,18.195643147323732
1376,2022-04-12 09:38:00,18.195643147323732
1377,2022-04-12 09:38:00,18.195643147323732
1378,2022-04-12 09:38:00,18.195643147323732
1379,2022-04-12 09:38:00,18.195643147323732
1380,2022-04-12 09:38:00,18.195643147323732
1381,2022-04-12 09:38:00,18.195643147323732
1382,2022-04-12 09:38:00,18.195643147323732
1383,2022-04-12 09:38:00,18.195643147323732
1384,2022-04-12 09:38:00,18.195643147323732
1385,2022-04-12 09:38:00,18.195643147323732
1386,2022-04-12 09:38:00,18.195643147323732
1387,2022-04-12 09:38:00,18.195643147323732
1388,2022-04-12 09:38:00,18.195643147323732
1389,2022-04-12 09:38:00,18.195643147323732
1390,2022-04-12 09:38:00,18.195643147323732
1391,2022-04-12 09:38:00,18.195643147323732
1392,2022-04-12 09:38:00,18.195643147323732
1393,2022-04-12 09:38:00,18.195643147323732
1394,2022-04-12 09:38:00,18.195643147323732
1395,2022-04-12 09:38:00,18.195643147323732
1396,2022-04-12 09:38:00,18.195643147323732
1397,2022-07-20 08:50:00,13.903448085898445
1398,2022-07-20 08:50:00,13.903448085898445
1399,2022-07-20 08:50:00,13.903448085898445
1400,2022-07-20 08:50:00,13.903448085898445
1401,2022-07-20 08:50:00,13.903448085898445
1402,2022-07-20 08:50:00,13.903448085898445
1403,2022-07-20 08:50:00,13.903448085898445
1404,2022-07-20 08:50:00,13.903448085898445
1405,2022-07-20 08:50:00,13.903448085898445
1406,2022-07-20 08:50:00,13.903448085898445
1407,2022-07-20 08:50:00,13.903448085898445
1408,2022-07-20 08:50:00,13.903448085898445
1409,2022-07-20 08:50:00,13.903448085898445
1410,2022-07-20 08:50:00,13.903448085898445
1411,2022-07-20 08:50:00,13.903448085898445
1412,2022-07-20 08:50:00,13.903448085898445
1413,2022-07-20 08:50:00,13.903448085898445
1414,2022-07-20 08:50:00,13.903448085898445
1415,2022-07-20 08:50:00,13.903448085898445
1416,2022-07-20 08:50:00,13.903448085898445
1417,2022-07-20 08:50:00,13.903448085898445
1418,2022-07-20 08:50:00,13.903448085898445
1419,2022-07-20 08:50:00,13.903448085898445
1420,2022-07-20 08:50:00,13.903448085898445
1421,2022-07-20 08:50:00,13.903448085898445
1422,2022-07-20 08:50:00,13.903448085898445
1423,2022-07-20 08:50:00,13.903448085898445
1424,2022-07-20 08:50:00,13.903448085898445
1425,2022-07-20 08:50:00,13.903448085898445
1426,2022-07-20 08:50:00,13.903448085898445
1427,2022-07-20 08:50:00,13.903448085898445
1428,2022-07-20 08:50:00,13.903448085898445
1429,2022-07-20 08:50:00,13.903448085898445
1430,2022-07-20 08:50:00,13.903448085898445
1431,2022-07-20 08:50:00,13.903448085898445
1432,2022-07-20 08:50:00,13.903448085898445
1433,2022-07-20 08:50:00,13.903448085898445
1434,2022-07-20 08:50:00,13.903448085898445
1435,2022-07-20 08:50:00,13.903448085898445
1436,2022-07-20 08:50:00,13.903448085898445
1437,2022-07-20 08:50:00,13.903448085898445
1438,2022-07-20 08:50:00,13.903448085898445
1439,2022-07-20 08:50:00,13.903448085898445
1440,2022-07-20 08:50:00,13.903448085898445
1441,2022-07-20 08:50:00,13.903448085898445
1442,2022-07-20 08:50:00,13.903448085898445
1443,2022-07-20 08:50:00,13.903448085898445
1444,2022-07-20 08:50:00,13.903448085898445
1445,2022-07-20 08:50:00,13.903448085898445
1446,2022-07-20 08:50:00,13.903448085898445
1447,2022-07-20 08:50:00,13.903448085898445
1448,2022-07-20 08:50:00,13.903448085898445
1449,2022-07-20 08:50:00,13.903448085898445
1450,2022-07-20 08:50:00,13.903448085898445
1451,2022-07-20 08:50:00,13.903448085898445
1452,2022-07-20 08:50:00,13.903448085898445
1453,2022-07-20 08:50:00,13.903448085898445
1454,2022-07-20 08:50:00,13.903448085898445
1455,2022-07-20 08:50:00,13.903448085898445
1456,2022-07-20 08:50:00,13.903448085898445
1457,2022-07-20 08:50:00,13.903448085898445
1458,2022-07-20 08:50:00,13.903448085898445
1459,2022-07-20 08:50:00,13.903448085898445
1460,2022-07-20 08:50:00,13.903448085898445
1461,2022-07-20 08:50:00,13.903448085898445
1462,2022-07-20 08:50:00,13.903448085898445
1463,2022-07-20 08:50:00,13.903448085898445
1464,2022-07-20 08:50:00,13.903448085898445
1465,2022-07-20 08:50:00,13.903448085898445
1466,2022-07-20 08:50:00,13.903448085898445
1467,2022-07-20 08:50:00,13.903448085898445
1468,2022-07-20 08:50:00,13.903448085898445
1469,2022-07-20 08:50:00,13.903448085898445
1470,2022-07-20 08:50:00,13.903448085898445
1471,2022-07-20 08:50:00,13.903448085898445
1472,2022-07-20 08:50:00,13.903448085898445
1473,2022-07-20 08:50:00,13.903448085898445
1474,2022-07-20 08:50:00,13.903448085898445
1475,2022-07-20 08:50:00,13.903448085898445
1476,2022-07-20 08:50:00,13.903448085898445
1477,2022-07-20 08:50:00,13.903448085898445
1478,2022-07-20 08:50:00,13.903448085898445
1479,2022-07-20 08:50:00,13.903448085898445
1480,2022-07-20 08:50:00,13.903448085898445
1481,2022-07-20 08:50:00,13.903448085898445
1482,2022-07-20 08:50:00,13.903448085898445
1483,2022-07-20 08:50:00,13.903448085898445
1484,2022-07-20 08:50:00,13.903448085898445
1485,2022-07-20 08:50:00,13.903448085898445
1486,2022-07-20 08:50:00,13.903448085898445
1487,2022-07-20 08:50:00,13.903448085898445
1488,2022-07-20 08:50:00,13.903448085898445
1489,2022-07-20 08:50:00,13.903448085898445
1490,2022-07-20 08:50:00,13.903448085898445
1491,2022-07-20 08:50:00,13.903448085898445
1492,2022-07-20 08:50:00,13.903448085898445
1493,2022-07-20 08:50:00,13.903448085898445
1494,2022-07-20 08:50:00,13.903448085898445
1495,2022-07-20 08:50:00,13.903448085898445
1496,2022-07-20 08:50:00,13.903448085898445
1497,2022-07-20 08:50:00,13.903448085898445
1498,2022-07-20 08:50:00,13.903448085898445
1499,2022-07-20 08:50:00,13.903448085898445
1500,2022-07-20 08:50:00,13.903448085898445
1501,2022-07-20 08:50:00,13.903448085898445
1502,2022-07-20 08:50:00,13.903448085898445
1503,2022-07-20 08:50:00,13.903448085898445
